<keymap version="1" name="Eclipse copy 0" parent="Eclipse">
  <action id="Android.CleanRun" />
  <action id="CodeCompletion">
    <keyboard-shortcut first-keystroke="alt slash" />
  </action>
  <action id="Debug">
    <keyboard-shortcut first-keystroke="shift alt d" />
    <keyboard-shortcut first-keystroke="shift f9" />
    <keyboard-shortcut first-keystroke="f11" />
  </action>
  <action id="DuplicatesForm.SendToLeft" />
  <action id="FileChooser.GotoHome" />
  <action id="Generate">
    <keyboard-shortcut first-keystroke="alt insert" />
    <keyboard-shortcut first-keystroke="shift alt s" />
  </action>
  <action id="GotoBookmark1" />
  <action id="HippieCompletion" />
  <action id="Run">
    <keyboard-shortcut first-keystroke="shift alt x" />
    <keyboard-shortcut first-keystroke="shift f10" />
    <keyboard-shortcut first-keystroke="ctrl f11" />
  </action>
  <action id="ShowIntentionActions">
    <keyboard-shortcut first-keystroke="alt enter" />
    <keyboard-shortcut first-keystroke="shift alt j" />
    <keyboard-shortcut first-keystroke="shift ctrl m" />
    <keyboard-shortcut first-keystroke="ctrl 1" />
  </action>
  <action id="ShowPopupMenu">
    <keyboard-shortcut first-keystroke="ctrl n" />
    <keyboard-shortcut first-keystroke="ctrl f10" />
    <keyboard-shortcut first-keystroke="shift alt t" />
  </action>
  <action id="SwitchApply">
    <keyboard-shortcut first-keystroke="shift alt enter" />
  </action>
  <action id="SwitchDown">
    <keyboard-shortcut first-keystroke="shift alt down" />
  </action>
  <action id="SwitchLeft">
    <keyboard-shortcut first-keystroke="shift alt left" />
  </action>
  <action id="SwitchRight">
    <keyboard-shortcut first-keystroke="shift alt right" />
  </action>
  <action id="SwitchUp">
    <keyboard-shortcut first-keystroke="shift alt up" />
  </action>
  <action id="ToggleBookmarkWithMnemonic" />
  <action id="UpdateRunningApplication" />
  <action id="android.deploy.ApplyChanges">
    <keyboard-shortcut first-keystroke="ctrl f10" />
  </action>
  <action id="android.deploy.CodeSwap">
    <keyboard-shortcut first-keystroke="ctrl alt f10" />
  </action>
  <action id="context.save" />
</keymap>